timestamp,author,lines_of_code
2026-04-08T17:49:27Z,marbor26,1
2026-04-08T17:51:05Z,marbor26,1
2026-04-09T11:53:23Z,marbor26,1
2026-04-10T01:18:59Z,Krzysiek-P,324
2026-04-11T01:14:05Z,Krzysiek-P,222
2026-04-12T01:23:32Z,Krzysiek-P,222
2026-04-13T01:25:05Z,Krzysiek-P,222
2026-04-14T01:23:26Z,Krzysiek-P,222
2026-04-15T01:20:24Z,Krzysiek-P,222
2026-04-16T01:25:36Z,Krzysiek-P,222
2026-04-17T01:23:08Z,Krzysiek-P,222
2026-04-17T13:06:05Z,Krzysiek-P,222
2026-04-18T01:17:21Z,Krzysiek-P,222
2026-04-19T01:26:19Z,Krzysiek-P,222
2026-04-20T01:26:28Z,Krzysiek-P,222
2026-04-21T01:23:16Z,Krzysiek-P,222
